Actual,Predicted
830.86,1469.1796610666074
373.1,337.3988390112295
171.7,476.2291163130652
1226.1,1199.5595438078715
996.3,922.5140777036667
1050.0,1786.4307076347332
194.4,321.1947326774142
60.0,-195.517245607944
673.4,707.3575121825617
102.0,-111.4665621323037
60.0,-118.85668202857198
322.0,351.8707955599522
477.4,625.6922338263798
371.6,338.0956350346341
35.0,102.30409561087765
183.55,430.0919128030919
2970.0,2150.6152206653956
676.5,789.9014095392981
40.0,-162.21513289580332
290.0,221.485398480227
550.8,587.1326766403555
2424.0,1815.8374939596974
228.9,264.80433018063883
737.3,802.7585721754747
142.0,199.68801190896028
908.9,883.8725264229654
1822.5,1533.9681786400174
1045.5,1326.208458845548
24.39,-354.75458277262396
198.9,132.27365611094694
259.2,364.6048701892835
220.0,152.09270254154632
787.8,831.2541398930923
531.52,684.7514735400139
4373.3,2974.3893960351634
134.2,122.87331387862338
1537.9,1279.2274022263323
524.0,575.2938759701309
48.0,29.941213503310564
61.2,-47.17201078963933
303.8,298.43444085416303
42.7,27.201093653982866
312.0,392.4967635492879
616.1,585.264435619331
518.4,563.0889248455077
512.5,547.17643245507
746.2,771.8670209478132
686.8,774.9913415676646
565.6,703.5884232929286
55.0,-54.06385989565911
606.0,585.9426464879655
355.0,300.35592892329
263.9,446.22003664617637
1249.55,1092.97111697672
80.8,420.5715527487156
36.0,-299.59638729133997
1171.5,1071.2740144721943
1865.5,1511.2123886393842
210.0,477.5642485874156
631.8,634.769079919938
2034.0,1624.0881981974908
73.2,65.15384133358043
168.0,26.282223733320393
1398.7,1256.6592036174009
504.1,503.1276032413859
202.5,323.98497876791487
373.1,515.2330479788355
120.9,-64.1089560558803
617.1,619.7648647176936
1071.0,1845.7600633674074
89.9,-132.74228278251803
144.0,-2.7100543710812417
6.96,-437.8304614755151
350.0,291.95508403250136
234.3,280.2201121842924
216.0,321.0938452745519
402.0,375.3342681279904
84.0,-143.58316085655656
1001.0,927.1361664553017
910.0,846.7065139862964
710.0,677.4448037540327
231.0,157.18928673409795
1638.0,1353.9741147080092
107.1,22.517651008189546
356.0,323.5628192340362
15.0,-277.9881525152398
104.0,-49.61812054085624
191.9,477.3371380288943
119.76,-69.48574931332826
90.0,68.89953509241002
60.0,-47.22213703081252
2121.0,1621.4772572648594
432.0,439.3297622855056
818.1,854.6926569268621
114.8,-43.680158699700655
912.0,1161.4731010470753
600.0,583.7782897009454
368.64,485.7778152314887
511.51,976.0657626056097
1223.1,1076.7882420341223
27.0,-254.67273783019948
1854.9,1544.8106171175205
30.5,13.620095730616868
664.9,638.8600902029877
108.0,75.29015764714347
708.0,694.3650797198374
100.0,-72.77940077493156
243.0,429.4706684297529
959.0,897.4094746731254
756.0,917.691788891656
512.4,480.6885835491511
372.6,451.87624552313514
282.8,540.7903117229547
200.0,82.89975113050127
800.0,759.8923155305249
350.0,295.17577589071266
204.0,104.64996722163238
768.0,745.8480641611117
20.0,-179.7968464318261
76.0,-103.4393252795694
1848.0,1823.9703137675724
326.6,359.92142754349004
1874.4,1668.7467783367551
3434.0,2401.442516377799
960.0,1039.4240598151664
98.0,-108.47749699711585
152.0,18.564105875668474
567.0,554.4580136351601
844.9,797.0583279671939
70.0,123.00405319878473
1890.1,2573.9188562421914
83.16,-50.02192160519451
945.0,874.4737445941066
363.0,412.3158243217713
175.0,97.99426100313866
498.0,695.2810082213466
2464.4,1838.322123728603
980.0,1158.5264964978605
420.0,416.6195823615433
636.0,741.312679398316
410.0,610.2559837691917
100.0,413.73139028733374
15.0,-288.07122178070006
241.8,163.35279873031004
720.9,705.669211239923
25.0,-88.57036556198864
270.0,251.61758049584546
155.4,41.94852576818323
72.0,-164.5086685995201
63.0,118.55223727601492
691.6,734.2422712295993
1414.0,1337.1724105845476
1897.2,2126.951167818453
56.37,-232.36872789965628
195.2,168.9505951322638
16.0,-348.6894647905377
1677.9,1862.972685029878
1666.0,1447.6567527971124
38.0,-288.9080832648017
234.9,349.69030039503184
875.0,820.4984054044285
333.3,558.3720252589775
817.4,784.3537250366333
674.5,651.3391429784917
86.8,-136.46576159548033
568.0,645.2607745676543
25.2,-330.8320748582853
30.5,12.06097370467478
854.0,811.9227715202724
30.0,-241.59452686158443
128.0,-25.380700786339617
114.0,-54.98429021978632
777.6,748.4741139907143
35.5,103.28745457451237
695.8,671.6594159603774
776.0,953.9829667389843
108.0,83.91655269298872
824.0,786.5515244225061
407.26,378.8168862670669
860.0,865.0545233954816
319.3,314.4570323642437
333.86,276.4160045265241
396.9,469.806611562944
2360.0,1774.5932736383133
49.0,120.66490741839709
30.0,1.825330391714374
816.5,769.8963321204618
76.0,-169.19211124531353
40.5,211.66427772971338
168.3,93.08978436679092
249.9,323.25213983548923
1911.0,1524.845073207388
1646.3,1349.148690747185
182.0,387.5466768362693
1164.4,1068.3813205753665
148.55,-17.444808546602758
465.0,600.0893600055899
534.0,1204.1944349578407
560.0,694.9119020059102
980.0,919.2888696809531
1887.3,1574.3625199063295
1767.5,1412.6535510858832
1356.0,1328.6834950311152
35.0,100.84742139126263
40.0,-149.7421566882664
1830.0,1787.6775755167791
255.0,207.6666972658703
120.0,-37.679813483457906
324.0,409.47168192076776
1134.0,1007.4472327400795
936.0,918.8316928028729
278.8,206.840428514238
728.0,744.9822619007756
1752.0,1490.0568145768616
84.0,138.14417314809282
429.0,556.301098291164
66.0,43.296661271619996
363.0,411.5874872119638
1211.0,1120.0397289305245
112.0,778.883518464143
3888.0,2849.7659916182906
326.6,354.4132765495291
2352.0,1932.979102794221
840.0,821.0975635975394
45.0,-65.35739868327539
738.0,756.1232266408917
1185.0,1306.7980234553204
550.8,580.1678514267794
504.0,553.0788316876037
92.3,156.88310915816908
640.5,617.9345824600241
272.8,230.5294512373328
329.0,354.86593726310696
1847.3,1482.0401704565968
990.0,1668.6018556025706
3535.0,2474.0248720724558
2242.2,1705.3531517471324
4017.6,3155.9675375273823
729.0,740.0292194267195
666.0,705.7482639154465
714.0,689.4621634869544
504.9,489.91413678810727
1178.1,1285.6454051538356
198.0,175.53729614328307
1105.0,1204.2840803658335
979.7,951.596001216061
128.1,109.89755071633533
356.4,432.7870966058081
24.0,-266.08937896654527
3038.8,2658.387183087208
231.0,155.6301647081558
840.0,890.3817351619261
109.8,87.91570790218066
1384.0,1207.3171808323432
645.0,657.5142771881018
545.4,691.5665473955047
804.0,986.7048002243152
20.5,-170.28954022867322
1510.6,1264.3128324320808
145.6,368.18029111924784
484.8,660.2807335873863
1665.0,1368.1825623383204
636.3,739.4285008301438
131.2,-4.773523755239125
1620.0,1379.0173638443919
5800.7,4998.201167162102
575.1,573.4224998002928
2891.47,2092.477775101826
114.8,-28.817275550086947
29.4,-317.2510769349192
452.74,431.79155870452075
1121.1,1034.2924582784133
264.0,235.42112547534617
677.1,646.2046000225853
1050.8,965.1390403760722
382.0,743.5165696940402
500.2,485.91949774341754
369.2,388.1914451060512
50.0,382.84591562763933
291.0,272.0023425207031
144.0,117.59227344318373
40.5,212.3926148395209
178.0,135.0782650032467
453.1,502.0321622302322
391.3,522.6800056047601
933.3,909.4754002437554
882.7,859.6411832364158
897.0,1494.0074182902295
2636.1,1927.3067555393623
60.0,-232.04005017829593
3128.0,2522.2765719230497
240.0,218.4446467004014
135.0,35.87465917996383
127.4,363.1232404354
97.6,89.19759312842831
204.0,200.64503432263803
424.2,608.5214378293663
454.4,461.88182251653683
38.0,-292.026327316686
35.0,92.9493634552249
260.18,345.30021285503165
18.9,-339.51015654876835
186.0,64.63531056134184
319.5,346.843216574875
1064.7,967.386966003118
483.0,655.1432492123265
45.9,-58.1375516158721
2057.4,1702.0488910488953
67.2,-201.25858372839332
1242.0,1089.6175077168773
115.0,19.62651751482656
462.0,469.8020953984417
184.0,58.958447141980514
414.0,512.9426474239325
232.0,347.147819405455
1808.0,1533.6925022437877
532.0,519.7259578137739
123.9,-36.57335217109369
282.8,530.7072424574944
98.7,-122.00836867930889
390.0,591.1668348518648
53.71,-218.80245218646985
2151.3,1659.03732210092
456.0,464.5839836025095
552.0,589.1444593798755
700.7,733.1859361584083
1370.0,1181.0695387417713
113.4,265.76271926812103
139.5,-22.5351773696475
850.0,866.1108584666728
4310.0,2940.489685533377
164.7,142.01414944058826
154.7,366.3956189382492
54.0,-191.94790124594658
136.0,-15.562715184639615
1384.7,1359.0646223325937
370.0,333.9799630288472
1656.4,2218.8224169580726
209.1,95.29975123048195
1025.1,1092.8442904849398
93.0,-113.42758371013451
1111.0,1029.8406423556435
648.0,644.9561573951901
66.0,-198.41601607273878
149.1,203.30904291559546
555.5,696.8491482344091
56.0,-231.69139767450986
564.0,542.2045110147126
269.7,221.29782143040944
132.0,-11.071365753166106
30.5,13.620095730616868
42.0,-225.44883300277422
1840.0,2545.8251880764624
664.0,777.8810940453388
1151.4,1050.766150098607
273.0,232.71602297022008
535.3,688.776301305004
795.0,1280.1783480720433
1297.61,1781.6553284996558
275.1,393.8242731940906
182.0,389.834135972019
810.0,788.6529669119029
1858.4,1465.2953184046755
318.0,557.3005956326989
55.8,-184.10216487506284
1537.9,1289.4129192981195
518.0,517.8895989881374
1911.0,1541.267078382944
1717.0,1379.5830650967662
380.7,457.0563985557125
147.6,2.8482228640527865
119.32,-8.8376791538509
1403.0,1362.9628901389233
910.49,980.7016186623609
392.0,372.9838946946175
1995.1,1761.5779913092056
82.0,-167.58130257473363
963.8,926.3287766699707
228.0,142.65440154586776
1100.5,1004.1998097714986
114.7,-69.79189604320857
408.0,509.54716657235383
260.4,208.04482146842707
856.9,1050.5360981209324
1393.2,1201.4588169311314
561.0,822.2390422541052
153.0,-7.619047171931243
64.0,-118.35389507382104
1024.0,943.789798353881
520.2,500.87967761434004
631.8,650.3603001793593
210.0,129.98775737866208
1673.0,1504.2886573379765
209.1,103.09536136019256
1205.4,1566.97397475541
616.0,604.3301894058545
579.5,551.5887148691361
1668.6,1419.7603576144902
581.0,574.3779474686218
2585.6,1910.555826919474
136.0,275.847348937046
837.0,821.5152069669158
678.3,681.8130508367769
520.0,1151.93235224507
76.78,93.48561381897622
1281.0,1179.3183235015094
508.0,1120.5440906306244
511.0,509.59120190367577
260.1,196.6093013657798
123.0,-55.25545045151375
70.0,771.764558799602
464.1,569.2083871685137
1789.2,1591.9381568743852
219.3,142.38775747864264
306.0,247.58949885230317
180.0,48.038516392418614
29.53,-335.1572500925556
113.4,-78.37268101238294
360.0,436.35800137127023
300.0,282.96788334693593
446.9,454.8480064373705
4550.0,2690.5873363096025
329.4,305.8685960817533
5827.7,3829.1530542744176
459.0,424.0710561519702
438.5,536.0798169296082
934.8,1156.1175241006144
126.0,99.5594595970478
518.4,562.3605877357002
56.7,219.0087875493109
480.0,521.7422567177962
63.8,-132.9799860735087
656.0,666.5583156033233
80.0,-99.7158464666071
876.0,1454.2183117849954
131.2,-7.891767807123301
106.0,-80.58716404057623
102.0,77.07482982814207
982.8,919.6274603748061
252.5,518.9109167151271
677.1,654.7285472621033
22.0,-338.45226107411247
142.0,199.68801190896028
243.0,424.7933023519265
226.8,334.22218248434
795.4,964.3210578582718
119.71,-56.50044336117526
184.0,307.2356105514914
2292.7,1735.4078414906926
30.46,-225.96029213980285
70.0,763.1381637537568
617.7,610.9448017121797
1115.0,1213.187712211373
126.0,-60.98915160053127
388.8,460.7798773686748
189.1,176.14097050089634
106.0,-89.11111128009452
570.0,707.9901129745253
2376.0,1950.283579530549
30.0,-315.2392941953992
536.0,563.8188223587799
1449.0,1222.3609295432914
10.0,-376.0770107923264
163.8,67.44895178264608
63.0,-221.8044068653354
558.0,783.4332947125059
102.55,-21.83153855854289
96.0,-116.42116500982445
1992.6,1646.9965622456239
868.6,876.9517365407113
1134.0,1215.2920817780391
354.0,660.8201126316877
25.0,-87.73958064585406
1840.0,1543.6017079988292
364.0,329.3482070276916
991.9,925.638398323518
2214.0,1736.408899235692
340.8,364.0452455048762
46.51,324.3829762656696
1085.4,976.8897560417687
377.2,347.9846952314407
133.83,-35.96329240651073
220.0,143.46630749570107
70.0,-200.426238408794
526.5,561.3042526645089
2787.6,2015.0809178279646
170.4,219.05439762598172
243.0,360.27615661524317
50.0,390.74397356367706
364.0,329.4506548340187
1484.7,1242.8906143023332
16.0,-351.0793717326144
408.0,387.58169418047083
461.7,511.6576270488712
872.1,911.7878149137734
238.0,313.84728143866334
890.0,886.3080290998289
21.0,-330.38097454817216
136.5,366.01593433222774
236.0,144.79380279861965
709.8,746.2641471270233
409.2,489.50256998669795
658.8,635.1366113900255
1152.9,1125.140829287578
475.7,479.0838514465381
3564.0,2828.7097445551653
15.5,-273.0557645835862
777.0,1242.5535983538293
512.4,496.27980380857235
20.5,-175.69524341630722
73.5,-175.32771194621978
2478.0,2206.460375621447
454.4,457.93279354851796
1320.6,1201.4527403631644
708.0,857.202724798515
373.1,334.2805949593452
40.3,-228.1889528521018
963.9,887.5564717272239
1302.9,1141.658556439094
190.0,106.67234269362177
1092.0,1007.6682667306338
784.0,755.6660497628117
576.0,548.8206837245026
30.0,-0.4621287440353399
53.62,454.8995043966779
675.0,717.9956899679269
1456.0,1239.9918438375385
430.0,611.2615576786937
413.1,488.06497556413643
792.0,758.5587436596393
2484.0,2461.12973633104
162.0,18.209376803915347
1353.4,1166.205095188693
71.87,51.3800395898694
272.0,361.6112888895935
216.0,331.1769145400122
15.5,-265.3626022602026
336.0,315.34799098960025
1151.4,1044.4272141885117
3019.9,2165.8054668558766
81.9,324.5446034523221
422.0,860.617084616395
463.1,482.852467189623
126.0,171.19400459480744
123.11,13.193307032414737
115.5,137.89190622455095
576.0,605.6181512000692
115.9,102.55304089673785
189.0,387.0661048273855
344.0,430.57261357761485
3166.8,2362.9809051754837
789.0,1268.156472174619
53.34,-204.2860642693198
1434.2,1223.6473309340413
102.0,85.59877706766025
175.0,213.16812242946406
546.7,537.6341089077156
791.7,794.956885477797
2121.0,1629.2728673945703
85.4,64.60029321714035
1560.0,1753.6693406406985
1178.6,1082.7931034148673
728.0,741.8640178488913
371.0,384.59262904528316
120.0,-40.33480408929506
290.84,223.66836049381874
202.5,335.0012807558368
80.8,411.21682059306283
272.0,189.53751218137444
360.0,333.52278615076705
176.3,48.04303255692082
423.3,390.5184377505047
1055.0,1140.3281197170222
331.7,336.9416621331493
860.1,1014.8546812350851
1647.1,1350.6303205010684
912.0,841.6555398704156
1260.0,1104.0292905563779
1491.0,1349.4609448910808
50.0,387.5232817054657
71.4,-32.76022795013864
408.0,512.5629628179111
2380.0,1758.1636171494415
284.0,220.04330223504735
241.4,290.80596840450374
1191.0,2071.334698166272
153.0,63.414779229252645
546.0,537.2559847051589
111.1,424.57226836137227
631.8,648.9036259597442
214.2,150.3064699570828
538.0,1210.8106076676308
554.0,1262.0163553092104
49.7,126.22318465353112
738.0,707.9977642878413
269.7,229.92421647625468
591.7,572.8628751158857
635.5,930.6909471847476
1422.7,1880.045535043183
52.55,-152.20462220505908
10.0,-383.975068728364
81.9,-166.87518041079318
269.86,460.32507372565874
118.0,-45.249873458112006
5908.5,3880.256354109671
240.0,153.19464768940827
316.0,545.0531695802184
227.5,422.2787326576555
400.79,433.3290569225359
288.0,446.9499341594486
145.6,372.75520939074715
2577.88,1979.532346964223
418.2,399.5701274790421
291.2,456.4572403626015
111.3,-71.91064275355791
52.0,-254.52467994720166
30.0,5.671911553406176
138.0,-40.06364385756763
640.0,731.2547664978764
86.1,-78.68945132078125
1500.0,1249.0262150032395
576.6,818.0422481851626
649.37,625.866447447625
45.5,298.83928182520503
192.0,181.83219672205678
336.6,289.8916146483434
131.3,449.79545757614085
565.6,705.1475453188707
204.0,100.80338605994064
522.0,489.214091192134
1136.0,1045.0659058903261
122.0,-41.85439260653334
56.8,122.87939044659038
201.5,90.61630858468851
241.4,284.6719281070623
1398.7,1259.7774476692853
30.5,10.604299485059755
67.1,45.8391422611968
4711.84,3035.7476869902434
207.0,95.79802202073063
363.0,415.4340683736556
45.5,303.6190957093585
730.0,796.2670622178789
348.3,443.19816383265197
56.8,126.72597160828218
42.0,-222.33058895089005
819.0,773.2416867308673
114.87,29.118575281121707
55.0,-53.33552278585148
1242.3,1098.6281035332463
2777.5,2016.137252899156
385.35,345.25205808190015
820.0,1024.7806502526423
324.0,568.3685842652587
507.0,710.9239151254056
2272.5,1720.9960586511916
1717.0,1378.7522801806317
412.0,407.71595051600366
541.2,594.6587012836876
42.6,110.02672963303189
238.0,835.3718669446273
50.0,-259.07894367629854
82.0,-156.66744839313867
795.6,837.2149659425154
627.9,689.775798646539
254.0,355.5958491182634
1739.1,3064.3483688224364
745.5,708.3302784137271
695.4,664.2374138687212
25.5,-81.35051849458534
626.2,746.7213240051035
650.0,655.7296050071031
555.5,699.1366073701588
280.6,266.3050397315758
35.5,114.92964586591484
258.0,208.1694842206213
1044.9,956.9181355636692
1035.0,1134.2654951236723
330.0,300.81310580137017
819.0,805.1940891942222
120.0,31.043158651172575
200.0,197.24955347105941
84.0,61.32947511775592
1680.0,1504.7914442927276
218.7,346.1923717371261
180.0,372.53121963915544
136.0,-2.1677339076263706
1250.5,1210.4019822853747
439.2,427.3692402822402
493.33,462.58135192173256
150.0,-12.901648010835629
300.0,537.0683933134571
354.9,512.5659042370644
127.4,346.8036830661713
306.0,246.86116174249565
16.8,-353.3167046271909
445.3,429.4311492629332
1079.7,1047.603870715401
31.9,-317.4827036579428
504.3,528.1897313440701
145.8,280.3492911009891
1343.3,1165.702308233942
192.0,82.16533745272676
2296.0,1728.334477560938
609.0,906.7718581420941
37.2,-228.69173980685287
84.0,768.4207645926612
2787.6,2022.9789757640024
39.0,-223.5617130154485
544.0,1233.4183397852657
426.0,396.98811298076146
81.6,-22.297474078656933
1713.6,1909.7266167486882
364.61,1339.3068196783815
1434.2,1299.1868695684977
504.0,508.98596714259776
123.42,163.69926742270883
35.5,101.72833254857028
988.2,909.4358667350516
560.0,550.7534137884991
70.0,124.56317522472682
531.0,623.3798048144778
57.0,-201.52818355665602
364.0,687.0282212135558
690.0,674.6706960414323
777.6,758.6596310625016
222.72,160.52263170596723
1361.7,1485.61716613191
791.0,751.4853940717693
226.8,247.77709024400497
420.0,410.3830942577748
866.7,816.1535534524878
20.0,-184.37176470332543
104.0,-96.78361906107557
820.58,836.288309474634
1876.0,1536.9900371116573
57.2,-169.87639868191502
561.0,555.2036693078043
1507.94,1274.2570777654055
575.7,714.276727319467
117.0,338.25026412788236
30.0,4.112789527463974
96.6,-114.71554550434917
844.9,789.2627178374833
126.0,-42.204605513784145
94.0,-129.9565528565197
80.0,402.5402993060444
781.0,739.944090183229
186.0,59.22960737370795
398.0,784.5368002638326
584.49,655.566603958613
298.2,327.9796178126045
311.1,291.6823633973092
760.0,805.7759288244966
1305.0,1141.8795904296483
139.7,280.21561036167435
40.5,200.75042354811853
40.0,202.88530863636794
3192.0,2106.695570368408
1598.2,1566.3292064856278
3808.0,2376.6849911056947
111.1,430.80875646514073
300.0,535.509271287515
518.0,950.8108120347131
161.7,75.57255987374043
385.4,364.6839372066911
64.0,-210.66344212521926
26.0,-335.8875651386684
342.0,378.76320592030584
518.0,521.7361801498292
45.1,-142.01952266611215
243.0,354.0396685114746
402.6,389.6420427576992
648.0,661.6538389669756
1400.0,1331.0590248295086
929.2,916.1356082848672
2181.6,1657.5428849571313
218.4,413.04710285073224
159.0,18.434926958971914
1150.0,1270.9579459181052
290.01,585.5356894646657
64.0,-204.42695402145068
280.5,216.0781348891283
20.0,-350.69968712659295
120.0,-43.18796447741897
73.8,-88.9266550372065
1810.9,1466.622813707594
91.0,338.3511515307447
250.49,252.40490114679716
244.9,181.8367128865591
100.0,-104.85646599048073
138.0,14.028721112872972
100.8,128.09985540578538
312.0,289.74511716881034
642.6,652.9377985131377
1896.0,2637.7739294881403
77.0,139.92884532909147
696.6,698.550251575382
64.8,228.86630665971472
697.5,1044.6732180552185
354.9,506.3294161332959
59.53,-207.84006800478585
664.3,702.1773591499843
1626.1,1342.634965843722
475.8,455.5368100384742
850.5,806.5215844971408
393.9,604.5207222167096
788.1,755.2073124812667
1512.0,1388.501260574857
1323.1,1150.5621882846335
24.0,-176.0733676188638
2559.6,2068.5930035715955
713.7,686.9475937926834
777.7,829.8181202158797
240.0,151.63552566346613
219.3,142.38775747864264
1538.02,1281.3904974129898
189.0,240.78121858630925
68.0,-109.22471307322485
2612.91,1920.5150775002621
573.5,808.8106183782393
686.0,650.407470659495
705.0,733.5945615406641
1417.5,1235.811188146496
258.3,352.80404262429806
363.6,586.4879083705737
630.0,1007.524710670254
2787.6,2019.7582839057914
72.0,-180.38320222660286
123.9,-40.522381139112554
511.0,506.3705100454644
690.0,780.1213683590688
1929.1,1516.7266162013123
1094.7,1396.7805922041491
1360.0,1183.7762159922463
2121.0,1618.3590132129752
1164.4,1069.1096576851742
288.0,379.86965289078586
421.2,494.0759135128484
130.9,221.94258970019138
1484.0,2010.1233735312903
865.0,913.4715996919099
1980.0,1553.8707939106423
542.7,585.7991047694699
784.01,790.9273463947105
567.0,602.3752443959906
175.51,545.8718440561762
42.7,18.677146414464687
91.5,76.11938215981326
1120.0,1207.7220218033851
347.7,324.6297470376967
994.0,1162.9783124206301
23.1,-335.18144297472804
122.4,33.58563964074938
210.0,221.06775511085067
36.0,5.446361398349609
372.0,351.5160664881991
5322.7,3531.724400890704
963.9,882.7766578430706
378.0,892.3630023798627
40.3,-228.08650504577474
88.0,234.2735702508133
18.0,-270.4180925405857
4568.0,3607.4660945494134
873.6,839.5981470542248
989.8,961.5559681327918
565.6,699.0135050214292
457.8,916.0475376222234
46.31,-259.3334758794132
482.3,580.399478149803
805.2,770.0443900034596
10.0,-380.7543768701528
198.0,91.89975421440096
123.0,-20.7444286206819
121.5,256.9107740672192
240.0,500.1719807050508
112.0,-47.679313908892595
1134.0,1052.3602894687508
536.0,566.2087293008566
553.0,549.5034107576394
930.0,1006.3742283684521
207.7,101.07906245617033
393.9,607.6389662685938
266.5,187.24849264216
505.0,667.5227956006568
308.0,523.3993247274473
2799.0,2138.0337200835643
304.0,389.6040696524601
237.8,144.44358989136873
1472.0,1271.047591326098
1392.0,1365.4774598331944
919.1,882.9565979214563
1575.0,1425.541229243643
579.5,554.7069589210203
299.3,241.57248433562415
162.76,326.98909003251543
353.4,385.15226807157455
54.0,23.581623050812482
14.7,-356.20939852401864
15.0,-278.7164896250473
1085.4,973.7715119898844
315.0,462.6952888698348
894.0,879.8733712137735
82.0,-77.73556405591717
31.0,-238.42615656852706
435.0,558.1374571168005
50.5,402.53873890257967
3130.4,2335.8189093287515
1337.7,1155.5107145941874
244.8,173.8991214418175
27.3,-316.92307897353555
1504.9,1256.3691644193723
228.0,138.7053725778489
2422.0,2153.5930581475977
70.0,-187.22492509144945
1288.0,1287.7513351239663
427.8,532.5330228925458
428.0,433.42127214312063
164.0,31.191216534170394
50.0,-259.80728078610605
62.7,-155.41292919777652
864.5,850.0092142810687
252.0,419.7879383127165
56.41,-225.77800967240148
936.0,886.0764023768052
692.9,815.606731166415
1327.7,1197.2781612400888
174.0,142.24125999910956
626.2,745.1622019791613
260.0,379.1368139583603
652.7,635.3621615450819
553.0,554.1807768354657
554.0,1258.0673263411916
72.0,-98.4339612403594
1161.0,1044.1454612243149
194.4,328.1595578909903
938.4,987.540101304952
312.0,253.59592063651286
646.1,703.3567965699049
91.3,2.533027301003699
1883.7,1506.0839222514446
572.0,645.1376722189248
558.0,635.1761305568451
170.8,144.90684333741592
1081.83,2501.70795057592
515.1,675.9236404914454
161.0,201.97703144817473
1333.2,1168.317765331075
210.0,486.91898074306835
1530.0,1280.362789973047
35.5,117.3195528079915
12.0,-343.55593697367567
163.3,209.92521562538548
414.0,535.8828793255694
64.0,-116.69232524155188
1065.9,1141.660131184443
372.6,456.4511637946345
396.8,467.8487251339269
909.0,900.9954883355591
482.3,587.4667511697061
50.5,394.743128772869
264.0,247.99654948921022
30.0,-252.50838104317927
600.6,673.3021068263452
35.0,-81.95419285219873
90.2,1.9277925399255764
279.0,255.651753049239
652.0,764.5256462770294
288.59,608.0799254970507
24.0,-258.3962166431618
328.0,413.77092379603744
198.58,291.0073142175535
365.0,313.2085897368485
80.0,-23.280833042291647
114.0,-65.16980729157365
252.5,508.72539964333964
412.3,496.34429285154454
1080.0,1405.4085476534597
385.0,404.5125628787448
1247.4,1102.6166660099689
106.0,-79.75637912444165
100.8,-97.1855186129643
712.0,691.3820911526167
225.0,160.49354743233494
30.0,10.451725437559617
1797.8,1443.159341139556
657.0,694.957512082581
592.2,1301.4759034495964
560.0,695.7426869220448
368.0,700.6092191369218
1474.2,1234.760929643272
132.0,-4.004092733262951
32.8,-156.93409246036367
696.9,781.8330644325112
799.1,777.3372131784193
51.0,-199.62040902692786
30.0,-319.9166602732256
642.0,618.0592452122183
98.0,775.1600396511807
36.3,-295.7264109988447
58.8,-222.0816436650299
292.9,545.2421276457245
1008.2,927.6167384641853
915.0,887.5960052359277
134.0,-1.111398836435228
48.6,203.64311744494614
76.5,-18.953679871716076
217.3,118.33792911582782
1840.0,1546.7199520507133
991.9,930.2133165950173
336.2,289.4344377702633
20.0,-176.67860237994182
90.0,-125.32479685536418
3980.0,2748.3652213296505
530.0,517.8060301481116
166.0,89.65790515532223
1825.8,2037.2898855425246
602.0,999.3494159345219
97.6,82.96110502465979
205.9,249.93987228567613
656.0,660.2193796932278
48.0,-140.83852484272677
1164.8,1041.4053413749873
750.3,723.7415585947628
63.0,126.34784740572547
138.6,10.18057954771632
1484.1,1629.8796769009973
788.1,742.0059991639221
265.0,191.4307087366672
711.0,734.2438316330641
576.0,595.4326341282818
366.0,351.7416166432556
1093.4,1002.866237900613
183.0,159.3186261769166
364.0,514.7302610240846
219.0,135.43299407499973
840.0,1054.0045550800673
612.0,925.2557722983431
240.0,150.80474074733155
606.8,683.8688832495029
70.7,402.81597570227405
1944.0,1616.3366377409861
696.9,770.8167624445891
428.0,432.59048722698606
672.0,1023.1676175743131
2004.0,1991.1685546156782
222.0,142.27471693984631
643.7,748.1528418596979
717.1,685.7432008384943
405.0,473.53009037590624
304.0,250.09799197860713
844.9,801.7356940450203
184.65,105.01168004490563
711.0,1106.4663823204742
1685.1,2265.473900870556
140.3,115.58049070366366
448.0,937.9284930335159
160.0,451.35614000554756
192.0,165.41019154650093
1091.4,1171.81726873433
567.0,586.6815763302424
432.0,482.6608327799673
191.4,227.23423364234742
90.0,-17.4954452486362
112.0,-68.06250118840137
9.17,-399.75719702559786
150.0,46.2477676434529
1105.0,1218.4186264056398
524.0,565.9391438144781
604.5,876.7156079950696
631.8,649.6319630695517
228.0,198.62716067326681
1221.2,1119.5870682169466
176.0,58.57876253595907
1601.6,1334.6077289909877
172.9,383.0948609134996
350.0,642.5617486304953
164.7,145.13239349247254
434.3,627.0053519856152
966.0,909.656900725606
679.0,646.0581025430521
736.0,895.4327092778068
3096.0,2483.472384784915
78.0,50.74361889754471
393.9,605.3515071328442
56.7,223.58370582081022
1552.0,1336.5626740008513
380.1,687.4063454161126
618.0,592.4563713914284
511.2,514.5442443777318
72.0,-157.54384338594411
327.6,485.1783582352757
3906.0,2414.0841906688524
1029.5,946.3778894201287
803.07,767.2083429886777
1666.0,1495.887812447188
164.0,89.88345531037868
295.0,233.73282453270753
600.0,892.688073263977
436.8,563.5461017235878
25.2,-330.0012899421507
15.0,-281.1063965671241
1250.0,1386.499338814518
1625.16,1360.295916434615
1936.0,1614.2762891637576
342.3,590.8516536306997
2006.9,1957.3174099515995
255.6,297.4221411142937
99.0,-102.61461693140188
97.2,241.1654193568329
234.0,150.72724847527286
56.0,-230.86061275837528
504.0,537.4876114281824
637.0,616.9573000643564
288.0,386.83447810436195
70.0,763.1381637537568
783.1,936.9335118564833
360.0,332.69200123463247
140.0,191.01149062194196
191.7,244.88282160182825
40.0,188.8532104028888
1131.9,2837.7630090290513
666.0,697.1218688696013
1424.0,1230.3045975559999
15.4,-404.557737570026
720.0,1125.227533276418
531.0,759.0114187151013
203.24,138.75090050074692
95.44,-92.9834356915228
347.7,329.40956092185013
377.2,349.5438172573829
595.9,727.1293881330255
300.0,284.5270053728781
617.1,609.6817954522334
522.34,527.7214469666767
102.9,-92.73370269019449
742.0,710.2396133469201
653.2,639.4403694297973
433.1,407.32620410004904
42.7,32.70924464794393
49.5,-222.76437069816654
30.0,-3.6828206022465793
128.0,-21.34810297829506
200.0,114.0168525132193
66.0,-172.58151552892525
66.0,-213.2788992223525
664.3,717.040242299598
35.0,91.39024142928281
45.5,305.0757699289736
332.1,427.2272589672092
510.0,484.2594883146132
178.5,97.41849794083123
413.1,484.21839440244463
192.0,170.81589473413482
88.2,-134.0819312213706
1072.84,1141.4783484036548
484.0,512.7945895409346
71.4,-21.118036658736173
450.0,564.6039971982436
212.0,103.32247191871392
387.5,451.272585507406
74.0,-184.5577813496783
961.0,1560.2803097735612
40.0,192.6997915645806
20.0,-178.23772440588402
12.0,-363.8295847398459
475.6,492.24720600052774
288.0,265.70136537396246
184.0,69.76985351724841
545.4,688.4483033436204
21.0,-258.06821868177826
616.0,996.1080695339081
330.0,343.80559994386306
225.0,149.57969325074004
50.0,392.30309558961915
2450.0,1829.4200522865285
1883.7,1524.0650494529427
14.3,-407.31877492723856
56.7,217.4496655233687
30.0,-320.7474451893602
500.5,603.3352082288218
82.49,-70.27355457066244
20.5,-179.64427238432597
746.2,754.7166786624498
917.0,848.7684229669895
561.0,806.750269801011
229.6,133.98083601988697
227.2,278.05575539727226
639.6,731.2280497293912
1136.0,1037.3727435669427
1384.5,1242.975757887708
112.0,-60.2668910586907
878.7,896.1639878067679
929.2,923.9312184145779
596.7,590.3154097352119
163.8,384.04874817836367
91.5,78.50928910188998
172.2,48.9969198217849
50.5,400.148831960503
404.0,386.44179026925394
42.7,18.677146414464687
299.7,396.2186819587854
288.3,257.3634491226813
350.0,888.1367366121494
610.0,721.1200105877782
120.0,251.35249683208514
25.0,-89.40115047812321
1125.68,1720.9155428062072
15.5,-279.39470049368174
147.0,-19.64092306935504
15.0,-273.3107864374134
244.0,149.1225163726599
460.0,984.9079749073826
624.0,1470.0092765720524
897.9,1116.8819657118206
350.0,645.6799926823796
241.4,290.07763129469623
102.9,-106.03746381386611
126.0,-63.379058542607936
26.61,-342.28674114594094
475.8,455.5368100384742
1270.9,1157.8170526962385
108.0,-86.86926222101567
68.2,-175.64963333963635
168.0,44.26942750278545
2067.9,2022.9349404326804
129.0,-57.36812059389604
150.0,442.9552951147589
499.8,480.7849547875111
260.1,189.6444761522037
1505.2,1348.3823948740223
252.0,195.4192712133899
110.0,9.76899840442286
35.5,113.37052383997263
709.8,746.2641471270233
2031.3,1986.7668649340817
1036.8,939.9933434333624
2545.98,1826.5484003572415
1107.6,1020.2938169856709
331.8,546.0365285438533
1491.0,1344.8844662161166
64.0,-118.25144726749397
1980.0,2251.5208553126004
1611.9,1368.3290598178535
423.0,535.5548813641858
184.0,300.99912244772287
494.9,659.9527356260028
550.8,582.5577583688561
1226.1,1198.0004217819294
516.39,661.1898648790026
304.5,468.62267232040523
3120.0,2223.5264998043845
97.2,247.50435526692854
464.0,506.70458457481504
1344.0,1325.2880141795363
236.5,802.1108768284237
355.0,307.4232019431931
1853.1,1655.3913305684455
201.5,98.51436652072624
524.8,570.6149494888399
127.4,348.2603572857863
180.4,63.40870266128559
102.3,-92.2765258121143
948.0,1591.4135495341795
4352.3,3761.7843085530753
1249.6,1138.953453933968
50.5,390.8965476111773
1800.0,1442.5556667819428
150.0,441.3961730888168
251.16,456.77474208717274
435.0,553.4600910389742
674.5,652.7958171981069
402.0,381.4683084254318
312.0,282.7802919552343
49.0,120.66490741839709
72.0,41.61443689694829
2094.5,1853.4242849145567
651.0,1468.2230439875893
180.0,104.83598386798519
351.9,300.23126617109574
615.0,616.7712834180037
24.8,-250.3455846596239
353.5,572.681360292151
201.3,192.94266028247375
1616.5,1585.0903574415715
1919.7,1592.898120707216
201.5,90.61630858468851
622.2,607.6973787435988
195.3,164.68029403322868
842.4,805.0855648199281
1100.0,1201.493834275333
306.0,242.18379566466928
114.66,113.28186130104217
805.0,755.7116598394825
1250.0,1111.954079602785
1157.3,1066.2169637883464
292.0,231.3368410226637
216.35,431.8898648349566
420.9,403.8282754421433
71.4,-18.72812971665951
42.6,110.02672963303189
60.48,-210.26937968992718
360.0,308.65432600775165
96.0,-126.60668208161178
42.0,109.97660339185882
50.5,386.94751864315845
540.0,596.947720822902
43.54,-145.33438040280203
64.0,-208.37598298946955
190.0,105.9440055838142
1354.2,1317.2652934913044
482.0,1046.3509262653877
666.0,1595.4081885788692
1171.6,1054.9924158663202
147.0,-22.030830011431817
744.2,717.7306206460507
163.8,380.20216701667186
660.0,644.6160062978724
2002.0,1589.6318044304498
242.0,331.27486052372115
78.1,139.3530822667841
937.3,895.7068109286877
270.0,253.90503963159512
414.0,384.9662370833376
250.1,167.15376981533097
464.6,640.4632475602518
40.5,206.986911651887
383.4,402.50078013922484
2660.0,1882.2289572853724
574.85,557.5225773402833
636.0,966.2760028681357
915.3,856.1682101127785
283.5,388.7717243328608
945.0,884.2917301958065
380.0,587.4433560389025
100.0,-102.56900685473101
178.2,302.9363686762218
139.4,-5.327071871679209
16.22,-303.22971023544926
657.0,698.9065410505999
360.0,680.5144963100928
388.8,472.42206866007723
15.0,-287.34288467089254
270.3,215.6984502831068
525.2,674.9697532265815
630.0,607.0997809539526
142.15,-11.105291534467597
518.3,526.0633333204047
333.0,477.835408819143
1184.0,1047.5865521525643
2238.0,2220.815320731291
8.14,-416.1215559458817
1666.5,1365.1195956126276
310.0,543.079331262169
248.5,284.34393014567866
146.0,31.107647694144703
280.6,266.3050397315758
255.6,306.04853616013895
732.0,1795.328262912306
45.5,302.0599736834164
2142.0,1665.3324041769906
494.1,543.4969889734296
252.0,284.7965908592565
260.0,512.2963044088018
468.6,483.25843056961344
138.18,-3.1968109034233976
665.7,1519.7567895905527
169.4,432.32541790510993
395.0,360.9164087205228
72.8,315.31297364539887
182.0,230.19536236609792
30.0,-315.2392941953992
1383.2,1185.5654043377472
32.0,-317.85475129253257
606.0,577.3162514421202
1008.0,932.5023361342317
298.2,342.1141638524108
207.4,184.090715081572
442.0,919.0648942712455
60.6,404.7030956895999
25.5,-76.77560022308603
300.9,247.08671189755222
2219.0,1981.6657645770274
185.49,196.37932292991098
1151.4,1052.3252721245492
99.2,-115.5402538525168
248.0,155.13345432137191
114.0,-58.83087138147812
126.0,185.12365502195956
140.3,125.03767066564353
1134.6,1104.8205563056927
632.0,743.8256886891224
254.8,430.95681434813855
88.0,-89.25309259512528
5168.03,3501.1274929092633
3913.79,2727.2947865465194
123.0,-20.7444286206819
630.0,611.6746992254521
873.0,847.8464178975132
234.65,596.144848626007
952.0,1214.617655320619
2286.2,2011.873028368088
1516.0,2068.2939463864464
163.8,369.18586502874996
381.0,463.2443351636568
816.0,776.5915575057752
19.8,-386.6188173393315
1357.5,1162.232872711728
50.5,392.4556696371194
176.0,57.747977619824496
262.6,528.7684358255308
202.5,330.22146687168333
770.8,922.0189420622316
20.0,-335.9392517833063
50.0,382.84591562763933
327.0,347.1493941508039
102.0,-99.72192303457416
1764.0,1583.887524890847
10.0,-380.7543768701528
188.6,69.19409045494103
294.0,438.6704303831725
3040.1,2165.3543665457637
444.4,622.1024357527323
234.9,342.6230273751288
180.4,61.018795719208924
218.7,330.6011514777048
3500.0,2231.971380026495
90.08,-45.735270470500836
40.0,198.20794255854156
114.0,89.09670572556604
99.0,-115.81593024874644
530.7,504.22954838924784
435.0,398.818395238431
1008.2,929.0734126838004
132.0,-45.018246735088496
1201.3,1557.7423449484866
162.0,21.225173049472573
910.0,1133.149172832127
163.3,210.75600054152005
212.1,490.9181359522603
1563.3,1326.857728937948
49.7,118.42757452382045
1160.3,1496.9046283515595
111.3,-81.26537490921066
1285.1,1166.7206845417782
601.8,601.0037137617503
540.6,531.990702429091
1692.9,1428.5408871113002
264.0,371.9199083101103
10.0,-376.907795708461
290.0,473.9782492668661
545.4,696.3463612796581
36.0,9.39539036636836
52.0,-249.11897675956766
147.6,2.0174379479182107
40.5,211.66427772971338
1739.1,1934.3756033046138
991.9,919.4019102197494
963.9,1034.0167962240678
504.0,944.0715369761936
512.5,540.1091594351669
40.0,-289.13363341985826
1160.0,1275.1842116858184
4190.0,2868.2559823425063
450.0,564.6039971982436
874.8,826.1135203692188
481.9,450.6338938055913
181.8,474.4444441320666
176.0,127.50820502859267
10.0,-365.16315661073145
920.0,916.7113713471747
262.5,353.08127942399244
55.0,-57.91044105735091
497.0,506.9240581619046
837.0,1326.0792799288515
1190.0,1076.7192368266478
186.0,60.78872939965004
249.9,310.77916362795224
396.0,777.6950773989862
825.0,864.6557589924066
130.2,-45.97369440341731
1958.4,2196.794964067247
1101.1,990.7023806881583
838.3,854.9698937265566
690.0,773.8848802553003
36.0,-301.15550931728217
931.0,864.7393278324323
10.0,-376.17945859865347
20.0,-188.3207936713443
3555.2,2481.3693818920533
378.0,896.2095835415545
510.0,711.5291498864838
1057.1,1744.2294792415555
427.0,412.1266725266049
375.54,787.0973053779414
660.1,769.8066867124692
158.1,13.530450322624233
1800.0,1467.8038115309796
220.38,186.14554885941794
2070.5,1600.7772996769527
318.0,546.489189257431
401.8,383.32198581390503
912.9,959.0445335873344
45.5,297.28015979926295
15.5,-273.0557645835862
272.0,378.7616311749569
440.0,618.1032805435403
302.76,361.544853494711
525.2,676.5288752525236
1239.3,1103.570553274833
290.7,227.9975629802252
244.0,218.5972207479016
333.7,367.3890397118171
824.0,785.7207395063715
300.0,292.32261550258875
378.0,387.58777074843795
33.0,-236.4143738290071
160.0,82.35135409907951
1218.3,2058.3573746005195
518.3,526.7916704302122
2471.0,2195.6696237885812
525.2,672.5798462845047
244.0,329.4901883427225
215.0,131.3213292495476
313.1,543.9602424194768
462.0,469.8020953984417
136.0,-8.495442164736573
3114.0,2339.0618161328302
32.8,-150.6976043565952
2114.0,1884.4344223264452
70.0,127.78386708293817
588.0,570.1972917775794
101.54,-89.21973787996274
567.58,1584.6766434047406
226.0,269.1552587005464
949.4,930.547391124368
131.2,-15.789825743161032
824.1,1001.7202574214292
33.0,-241.820077016641
2320.0,1907.4786767797582
2171.5,1654.7526388666306
174.49,125.86226459005604
581.4,583.196450070671
40.5,206.88446384555994
174.0,152.32432926456988
3801.91,2453.1366167928054
1116.3,1088.346864485499
907.2,851.7163941900087
56.1,-39.04840269854503
347.7,324.73219484402375
427.8,526.3989825951044
570.0,704.0410840065065
233.7,142.27923310434863
50.5,404.92864584465644
760.0,744.7005089365789
254.8,446.4455868012328
40.0,-160.55356306353417
1911.0,1539.7079563570019
20.5,-171.84866225461542
146.4,137.285096718124
84.0,-145.87061999230627
433.1,437.5100727603053
186.0,153.61386580413364
79.4,389.9016686597188
1820.0,1442.9353513879641
1401.3,1220.6710681971879
718.9,748.3260561077165
672.0,646.2836526981087
536.0,596.4449338681511
49.0,111.31017526274434
1295.4,1422.3378559482685
777.7,827.5306610801301
177.93,51.814506141452625
220.0,255.79981093223688
366.0,348.5209247850443
205.9,246.82162823379184
168.0,19.214950713417238
325.5,338.9518844692046
98.0,773.6009176252385
210.0,182.98425376920767
35.0,98.45751444918585
427.0,409.83921339085526
272.0,186.41926812949015
100.1,345.0904265892642
477.0,574.0104159985343
63.0,-208.5006457416638
136.0,265.66183186525865
212.1,489.3590139263182
426.0,875.7572045657032
475.6,486.1131657030863
343.4,572.9069104472077
292.9,544.4113427295899
315.7,259.3797480267035
88.0,-143.31200062482912
1263.6,1112.248634965316
2229.5,1735.3303492186337
404.0,597.3303468480769
490.0,493.84584719328956
1483.9,1336.483621325328
105.0,-100.75486297496172
287.0,209.50757225600915
392.0,778.2486255154264
1292.2,1178.8656627879313
276.0,428.7834395739981
188.0,168.97953590849835
1131.2,1035.626030149299
837.8,795.7247560963083
19.73,-374.64550801796236
13.12,-317.58220500078676
528.0,571.1192968470555
90.0,-9.699835118925535
50.0,381.3892414080243
815.46,1081.117268753149
136.4,-26.156208376282734
202.5,329.4931297618758
564.0,539.1887147691555
30.6,-76.17036546200802
164.7,140.4550274146461
966.0,1618.2268928771255
243.0,183.6229454710225
280.0,209.46352258280308
1082.9,981.7987488426187
58.9,-192.020877353503
270.3,207.07205523726157
510.0,497.3817489564343
24.0,-327.0356199377667
96.0,232.48889806981464
106.5,161.00692711955526
117.3,36.929433847690234
3164.0,2098.622723439003
639.0,693.849490366752
40.5,199.91963863198384
21.0,-272.1003169152574
246.0,174.77100027012068
684.11,671.4180563382246
50.5,388.50664066910053
777.7,822.1249578924961
516.0,724.2793628937152
534.6,566.5868535034133
486.7,635.826989736478
120.0,88.87115557050947
1498.0,1348.5070576262167
56.0,118.88023523739855
1483.3,1254.9064136317902
186.3,319.86116080652863
1281.0,1252.098863320337
709.8,735.3502929454284
14.7,-357.6660727436338
64.0,212.29172743665862
668.3,783.3876846358351
2935.0,3412.0829797241213
78.0,-171.7051205361197
344.0,419.65875939601995
42.7,27.201093653982866
620.0,734.9265586662009
438.7,439.8103342943893
45.0,289.43442342837915
874.8,818.3179102395081
15.0,-276.32658268297064
592.0,679.0389431241764
70.7,407.5957895864275
536.8,521.9851254356894
695.0,709.8280465455107
219.0,123.79080278359731
444.0,458.193361047776
408.0,509.44471876602677
63.63,-184.40852825427248
417.0,533.7140207159312
1434.2,1220.631534688484
434.6,439.2050995333113
344.0,308.75069724611166
102.0,77.80316693794958
390.6,458.94509328838717
69.0,-167.40136249634782
56.0,-227.742368706491
385.0,396.71695274903414
284.0,216.19672107335555
64.8,220.23991161386948
244.8,170.88332519626027
1090.8,1020.9370105101038
227.2,272.5476044033113
189.1,163.77044209968636
616.1,582.8745286772544
220.1,257.18193429894654
487.9,509.55168273685615
540.0,509.6368119803466
216.0,243.77793503481297
1208.0,1064.0602439727581
170.1,306.1777150768355
612.0,605.9583166392711
461.7,522.571481230466
33.0,-304.40449268932775
1899.0,1535.4832509927533
567.0,551.3397695832758
512.6,518.8796730078923
706.8,1075.1790081088911
393.9,603.0640479970945
1167.6,2943.067198209039
390.6,727.6465522314597
258.0,199.54308917477607
80.0,218.90790014644864
280.0,309.671127570239
836.4,868.1521272468475
4832.0,3801.8780178888896
31.08,24.64857092627426
85.4,70.1084442111013
184.5,70.25042552613206
588.0,578.8297633913916
858.6,807.0243714518917
40.0,195.92048342279196
392.0,366.01906948104147
20.0,-183.6434275935179
970.0,932.8364106635822
107.8,105.89840984902759
536.8,515.7486373319209
1404.0,2509.8559316225505
232.0,131.08970252652404
441.0,563.167977521031
919.1,914.0736993041742
2676.5,1959.1461174639207
600.0,622.8201801300705
4398.3,3432.9734701228836
535.5,530.6571305582054
756.0,732.2670662377457
10.0,-380.85682467647985
795.2,762.0490353461132
333.7,354.1877263944725
91.8,5.315622078188312
362.7,406.3033259695946
315.0,329.34213045972456
137.7,279.11816703643046
273.0,243.62987715181498
306.22,377.9774499788024
1540.0,1403.7438283304923
57.0,-192.2758992073302
921.1,897.4535243463314
720.0,695.3706536293392
972.0,954.8973204951446
1078.0,1206.1112131328052
311.1,285.54832309986773
765.0,763.2421863054327
1041.4,1315.5201548190096
720.0,704.4603021212317
30.5,8.214392542982978
220.0,109.83619682217687
558.0,538.5834800080775
1070.0,1163.7666367507918
44.21,-268.3667863282626
1974.7,1578.6662779461012
683.4,690.9422328373731
1134.0,1046.1238013649822
40.5,204.59700470981022
582.0,560.3397726671755
882.0,1105.536076675282
12.0,-372.45597978569117
56.7,211.94151452940775
1020.0,1003.815609000975
1946.0,1736.3253303956662
494.9,664.7325495101562
240.0,503.3926725632622
195.3,87.22082773310984
89.1,241.49341731821664
81.6,-23.12825899479151
210.94,407.71114558429997
411.8,438.2891710318021
320.0,560.2957373358536
144.0,8.932136920321227
57.4,-120.86846476809194
396.0,521.4710964860689
30.0,-77.88206153545036
1510.6,1275.9550237234832
172.2,52.11516387366919
86.7,0.8638061554183878
666.6,765.2569248059903
1162.0,1231.2629866434822
151.5,457.97075231187284
420.0,400.3319071877023
793.8,758.2085307523886
475.7,473.5757004525771
502.2,540.1531947664888
190.3,554.3288490603478
545.4,686.8891813176783
258.0,364.4994809638031
1111.0,1032.8564386012008
594.0,879.8354124504185
392.7,356.8427170003096
955.5,2344.5888604349766
414.0,527.9848213895318
134.0,-5.060427804454093
204.0,90.61786898815325
928.2,987.1604166989307
1587.6,1344.0597578679494
346.04,464.24684604221727
878.4,856.2077436214823
88.0,-83.74494160116433
96.9,4.2592870069971696
174.0,114.42999405997756
412.0,395.24297430846667
728.0,744.9822619007756
756.0,721.5331521345365
603.5,599.0253736210828
330.0,551.1521781915742
182.0,398.4605310178643
105.4,-87.82470988934449
2485.0,2174.6711399380615
106.5,165.7867410037087
988.69,955.9444937333456
90.9,421.17678750979354
1514.7,1295.4694673235026
115.9,93.09586093475798
225.0,404.8733685184649
1883.7,1521.675142510866
62.0,-223.74165309383432
410.0,822.1615499820465
801.9,778.1491191282526
65.6,-115.81141408424412
133.3,-50.979058442627434
475.7,473.5757004525771
10.0,-375.3486736825188
140.3,122.64776372356675
2413.9,1794.2353357515644
252.0,164.2626363219681
52.7,-205.60187527686924
168.0,20.876520545686503
6253.2,4818.832992533575
362.1,380.62138513139706
57.0,-199.2407244209063
115.0,18.067395488884472
142.0,14.30595791256735
747.1,1143.1356843703593
567.0,594.4771864599529
15.5,-260.58278837604917
348.0,319.6767045636406
181.8,470.5978629703748
486.0,532.0803478370838
50.5,400.25127976683
60.0,-51.171165998831384
135.3,-0.3217078324693148
240.0,163.66347812885704
305.0,277.87581531888657
182.0,810.4973302336449
191.7,242.5953624660786
838.3,860.4780447205176
396.9,477.7046694989816
10.5,-356.48663532371313
296.0,220.92577379581985
56.7,-238.27809868552913
50.5,390.8965476111772
1111.0,1030.568979465451
65.1,-216.52180602643102
463.3,471.0961481025077
770.8,928.2554301660001
648.0,980.2366853975232
64.0,-209.10432009927706
662.0,1581.0988535456954
378.0,440.08305492958146
591.7,570.575415980136
74.0,-186.8452404854279
48.8,32.48369449288748
153.0,74.32863341084754
1818.0,1444.369810661712
105.0,-2.5808754543846817
2138.4,1763.7173925619572
40.0,-146.52146483005504
729.0,721.7632184540953
1754.4,1953.1367542605576
350.0,301.30981618815406
198.4,92.40098076568722
708.9,729.520869820451
172.0,110.70651524701526
1360.0,1184.607000908381
84.0,764.5741834309694
194.4,327.3287729748557
424.0,486.7329640967156
1080.0,1171.941931486524
480.0,1034.8318373227148
947.7,876.991270049415
128.1,110.62588782614284
382.2,531.4295029993349
671.99,840.2631017641908
1210.3,1078.4248563321232
207.4,190.32720318534047
72.0,-191.29705640819782
461.7,510.20095282925604
85.2,151.60050831926458
1654.3,1485.5259459785686
252.06,384.88957340869615
2412.0,1878.004266263008
854.63,874.3551741756972
3206.0,2106.572468019678
204.0,126.64240276825643
367.5,652.0690548336484
100.1,338.1256013756881
186.0,67.75355461322613
2797.4,2446.948019811098
56.7,216.61888060723408
1353.4,1170.8824612665194
226.8,244.65884619212068
44.0,-140.6129746876702
512.4,485.4683974333045
2817.9,2050.264073959464
2466.0,2449.333410588673
2835.0,2282.319625983455
219.3,146.962675750142
25.5,-86.8586694885463
305.0,244.09313059786217
199.5,182.10787311828648
602.0,592.4107613147576
1647.01,1345.591747016499
461.5,470.90855671080595
364.5,445.8653075744232
320.0,407.8624336536526
27.0,-254.67273783019948
396.0,362.98439426918287
350.0,887.3059516960147
1006.5,970.795249253031
494.9,664.7325495101561
327.6,495.3638753070631
117.0,336.6911421019402
586.5,574.3445048697691
20.5,-171.8486622546153
265.2,199.6044430689346
535.0,517.5804799930551
581.0,564.9207675066419
28.7,-154.31863536323056
96.0,236.33547923150638
1674.0,1644.9757471770995
32.8,-155.37497043442147
648.0,664.0437459090524
1253.0,1145.0890546348742
285.0,266.1145069207207
205.9,261.58206357707854
396.0,517.6245153243771
904.0,838.0345088637804
70.7,416.1197368259456
60.0,-183.14671720673402
1688.48,1367.541723401084
383.4,413.4146343208197
1076.1,1157.6310360498856
132.6,54.96224769382604
1323.1,1160.7477053564212
100.0,-59.47563965125994
2475.2,1895.9641040015872
183.68,184.4931451661223
109.2,-73.14176681811648
228.0,152.73747081132808
565.6,709.927359203024
1583.4,1314.6877951575261
895.0,954.9429305718154
576.6,812.5340971912017
384.0,447.323542197503
174.0,156.2733582325887
330.0,267.9113322376534
108.76,-83.53953700434272
159.9,34.913134943667956
291.2,465.9144203245814
1915.0,2176.5993538375556
55.0,-191.9813438447992
298.2,334.21610591637307
1476.0,1254.5282894292332
306.0,281.4467200843487
127.1,-20.139193859603893
50.0,377.44021244000544
226.8,255.57270037371558
14.3,-420.6225360509102
51.34,-227.32914931194352
177.5,225.89612049082825
395.0,355.40825772656177
153.0,361.46323100659555
383.4,407.90648332685873
912.0,1146.6102178974616
505.0,673.0309465946177
50.5,401.7079539864451
920.0,901.1201510877534
189.0,239.22209656036716
1098.0,1064.8058996454022
30.0,-311.29026522738036
1015.0,1103.882807418729
167.4,30.732479252625467
20.0,-176.57615457361487
455.0,563.0950014134746
624.8,607.601007505239
1550.0,1283.029933714818
25.0,-90.12948758793073
209.1,110.99341929623029
797.9,830.9261419317088
880.4,820.9789774133122
963.5,1210.6670659491351
488.0,462.9837676643988
61.6,-155.91571615252747
1328.4,1159.505353638877
132.6,54.96224769382604
824.6,1292.680795978351
540.0,615.3586445297105
615.0,916.5062749037681
74.4,-161.9661876099433
20.0,-182.9150904837104
527.8,616.6906559971313
305.0,287.3329952808664
181.8,476.73190326781634
